claim_id,canonical_claim,classification,domain,explanation,evidence_source_ids,review_status,version,notes
MF-001,Infertility is only a female health problem.,MYTH,reproductive_health,"Infertility may involve male factors, female factors, combined factors, or remain unexplained.",WHO_INFERTILITY_2025,CURATED_DRAFT_REQUIRES_CLINICIAN_REVIEW,1.0,"Canonical knowledge unit; not a diagnosis, prevalence estimate, or individual risk prediction."
MF-002,A man is infertile if pregnancy has not happened after a few months of trying.,MISLEADING,reproductive_health,"Clinical infertility is generally assessed after 12 months of regular unprotected intercourse, with earlier evaluation in some circumstances.",WHO_INFERTILITY_2025,CURATED_DRAFT_REQUIRES_CLINICIAN_REVIEW,1.0,"Canonical knowledge unit; not a diagnosis, prevalence estimate, or individual risk prediction."
MF-003,A normal semen analysis proves that a man is fertile.,MYTH,reproductive_health,Semen analysis is important but cannot by itself confirm individual fertility.,WHO_SEMEN_2021,CURATED_DRAFT_REQUIRES_CLINICIAN_REVIEW,1.0,"Canonical knowledge unit; not a diagnosis, prevalence estimate, or individual risk prediction."
MF-004,A low sperm count automatically means a man cannot father a child.,MISLEADING,reproductive_health,Sperm count is one factor among several in fertility assessment.,WHO_INFERTILITY_2025;WHO_SEMEN_2021,CURATED_DRAFT_REQUIRES_CLINICIAN_REVIEW,1.0,"Canonical knowledge unit; not a diagnosis, prevalence estimate, or individual risk prediction."
MF-005,Sperm count is the only semen parameter that matters.,MYTH,reproductive_health,"Count, concentration, motility, morphology and other findings all contribute to interpretation.",WHO_SEMEN_2021,CURATED_DRAFT_REQUIRES_CLINICIAN_REVIEW,1.0,"Canonical knowledge unit; not a diagnosis, prevalence estimate, or individual risk prediction."
MF-006,Semen appearance alone can tell whether sperm are healthy.,MYTH,reproductive_health,"Appearance cannot establish sperm count, motility or morphology.",WHO_SEMEN_2021,CURATED_DRAFT_REQUIRES_CLINICIAN_REVIEW,1.0,"Canonical knowledge unit; not a diagnosis, prevalence estimate, or individual risk prediction."
MF-007,More semen volume always means better fertility.,MYTH,reproductive_health,Semen volume alone does not determine fertility.,WHO_SEMEN_2021,CURATED_DRAFT_REQUIRES_CLINICIAN_REVIEW,1.0,"Canonical knowledge unit; not a diagnosis, prevalence estimate, or individual risk prediction."
MF-008,Semen analysis can diagnose every cause of male infertility.,MYTH,reproductive_health,"Evaluation may also require history, examination and additional investigations.",WHO_INFERTILITY_2025;AUA_ASRM_I_2020,CURATED_DRAFT_REQUIRES_CLINICIAN_REVIEW,1.0,"Canonical knowledge unit; not a diagnosis, prevalence estimate, or individual risk prediction."
MF-009,Male infertility can sometimes be related to hormonal disorders.,FACT,reproductive_health,Hormonal disorders can contribute to abnormal sperm production and infertility.,WHO_INFERTILITY_2025;EAU_MALE_INFERTILITY_2026,CURATED_DRAFT_REQUIRES_CLINICIAN_REVIEW,1.0,"Canonical knowledge unit; not a diagnosis, prevalence estimate, or individual risk prediction."
MF-010,Male infertility can sometimes be related to obstruction of the reproductive tract.,FACT,reproductive_health,Reproductive-tract obstruction can interfere with semen transport.,WHO_INFERTILITY_2025,CURATED_DRAFT_REQUIRES_CLINICIAN_REVIEW,1.0,"Canonical knowledge unit; not a diagnosis, prevalence estimate, or individual risk prediction."
MF-011,Masturbation automatically causes infertility.,MISLEADING,sexual_health,A blanket causal claim is not supported; ejaculation frequency can change individual semen samples without establishing infertility.,EAU_EJACULATION_2022;EJACULATION_REVIEW_2026,CURATED_DRAFT_REQUIRES_CLINICIAN_REVIEW,1.0,"Canonical knowledge unit; not a diagnosis, prevalence estimate, or individual risk prediction."
MF-012,Ejaculating more often permanently depletes sperm.,MYTH,sexual_health,Ejaculation changes an individual sample but does not permanently exhaust sperm production.,WHO_SEMEN_2021;EJACULATION_REVIEW_2026,CURATED_DRAFT_REQUIRES_CLINICIAN_REVIEW,1.0,"Canonical knowledge unit; not a diagnosis, prevalence estimate, or individual risk prediction."
MF-013,Longer sexual abstinence always produces better fertility.,MISLEADING,sexual_health,Longer abstinence may increase volume and count but can also be associated with poorer motility or higher DNA fragmentation.,ABSTINENCE_REVIEW_2018;EJACULATION_REVIEW_2026,CURATED_DRAFT_REQUIRES_CLINICIAN_REVIEW,1.0,"Canonical knowledge unit; not a diagnosis, prevalence estimate, or individual risk prediction."
MF-014,Daily ejaculation necessarily makes a man infertile.,MYTH,sexual_health,Frequent ejaculation can alter semen parameters per sample but is not equivalent to infertility.,EJACULATION_REVIEW_2026,CURATED_DRAFT_REQUIRES_CLINICIAN_REVIEW,1.0,"Canonical knowledge unit; not a diagnosis, prevalence estimate, or individual risk prediction."
MF-015,Ejaculation frequency alone can diagnose fertility.,MYTH,sexual_health,Frequency alone cannot diagnose male fertility or infertility.,WHO_INFERTILITY_2025;WHO_SEMEN_2021,CURATED_DRAFT_REQUIRES_CLINICIAN_REVIEW,1.0,"Canonical knowledge unit; not a diagnosis, prevalence estimate, or individual risk prediction."
MF-016,Masturbation frequency alone proves a sexual disorder.,MYTH,sexual_health,"Frequency alone is insufficient; distress, loss of control and impairment matter.",EAU_EJACULATION_2022,CURATED_DRAFT_REQUIRES_CLINICIAN_REVIEW,1.0,"Canonical knowledge unit; not a diagnosis, prevalence estimate, or individual risk prediction."
MF-017,Very long abstinence is guaranteed to improve sperm quality.,MYTH,sexual_health,Evidence does not support a universal rule that longer abstinence always improves sperm function.,ABSTINENCE_REVIEW_2018;EJACULATION_REVIEW_2026,CURATED_DRAFT_REQUIRES_CLINICIAN_REVIEW,1.0,"Canonical knowledge unit; not a diagnosis, prevalence estimate, or individual risk prediction."
MF-018,Semen collected by masturbation can be used for clinical semen analysis.,FACT,reproductive_health,Masturbation is a standard method for obtaining semen samples for laboratory analysis.,WHO_SEMEN_2021,CURATED_DRAFT_REQUIRES_CLINICIAN_REVIEW,1.0,"Canonical knowledge unit; not a diagnosis, prevalence estimate, or individual risk prediction."
MF-019,Taking testosterone is a reliable way to improve fertility.,MYTH,hormones,Exogenous testosterone can suppress sperm production and should not be used as fertility treatment for men seeking fertility.,AUA_ASRM_II_2020;EAU_HYPOGONADISM_2026,CURATED_DRAFT_REQUIRES_CLINICIAN_REVIEW,1.0,"Canonical knowledge unit; not a diagnosis, prevalence estimate, or individual risk prediction."
MF-020,Exogenous testosterone can suppress sperm production.,FACT,hormones,External testosterone can inhibit reproductive signaling and impair spermatogenesis.,AUA_ASRM_II_2020;EAU_HYPOGONADISM_2026,CURATED_DRAFT_REQUIRES_CLINICIAN_REVIEW,1.0,"Canonical knowledge unit; not a diagnosis, prevalence estimate, or individual risk prediction."
MF-021,Higher testosterone automatically means higher fertility.,MYTH,hormones,"Fertility depends on sperm production and reproductive function, not simply a higher testosterone value.",WHO_INFERTILITY_2025;EAU_HYPOGONADISM_2026,CURATED_DRAFT_REQUIRES_CLINICIAN_REVIEW,1.0,"Canonical knowledge unit; not a diagnosis, prevalence estimate, or individual risk prediction."
MF-022,Low testosterone always means infertility.,MYTH,hormones,Low testosterone and infertility are distinct clinical issues with multiple possible causes.,EAU_HYPOGONADISM_2026,CURATED_DRAFT_REQUIRES_CLINICIAN_REVIEW,1.0,"Canonical knowledge unit; not a diagnosis, prevalence estimate, or individual risk prediction."
MF-023,Anabolic steroid use can impair sperm production.,FACT,hormones,Anabolic-androgenic steroids can suppress reproductive signaling and impair spermatogenesis.,WHO_INFERTILITY_2025;EAU_MALE_INFERTILITY_2026,CURATED_DRAFT_REQUIRES_CLINICIAN_REVIEW,1.0,"Canonical knowledge unit; not a diagnosis, prevalence estimate, or individual risk prediction."
MF-024,Stopping prescribed testosterone on your own is the correct way to restore fertility.,MYTH,hormones,Fertility management after testosterone exposure should be individualized with a clinician.,AUA_ASRM_II_2020;EAU_HYPOGONADISM_2026,CURATED_DRAFT_REQUIRES_CLINICIAN_REVIEW,1.0,"Canonical knowledge unit; not a diagnosis, prevalence estimate, or individual risk prediction."
MF-025,Every man with low testosterone should automatically receive testosterone therapy.,MYTH,hormones,Diagnosis and treatment require clinical assessment and fertility goals affect treatment choices.,EAU_HYPOGONADISM_2026,CURATED_DRAFT_REQUIRES_CLINICIAN_REVIEW,1.0,"Canonical knowledge unit; not a diagnosis, prevalence estimate, or individual risk prediction."
MF-026,Hormone levels alone can determine whether a man is fertile.,MYTH,hormones,"Fertility assessment considers reproductive history, semen parameters and other factors.",WHO_INFERTILITY_2025;WHO_SEMEN_2021,CURATED_DRAFT_REQUIRES_CLINICIAN_REVIEW,1.0,"Canonical knowledge unit; not a diagnosis, prevalence estimate, or individual risk prediction."
MF-027,Smoking has no relationship with male reproductive health.,MYTH,lifestyle,Smoking is associated with poorer semen parameters and is a modifiable reproductive-health risk factor.,ASRM_TOBACCO_MARIJUANA_2024;EAU_MALE_INFERTILITY_2026,CURATED_DRAFT_REQUIRES_CLINICIAN_REVIEW,1.0,"Canonical knowledge unit; not a diagnosis, prevalence estimate, or individual risk prediction."
MF-028,Quitting smoking is a fertility-supportive lifestyle step.,FACT,lifestyle,Guidelines support discouraging tobacco use as part of reproductive-health prevention.,WHO_TOBACCO_2026;ASRM_TOBACCO_MARIJUANA_2024,CURATED_DRAFT_REQUIRES_CLINICIAN_REVIEW,1.0,"Canonical knowledge unit; not a diagnosis, prevalence estimate, or individual risk prediction."
MF-029,Heavy alcohol intake can affect male reproductive health.,FACT,lifestyle,High alcohol intake is associated with adverse effects on semen quality and chronic heavy use can reduce testosterone.,EAU_MALE_INFERTILITY_2026,CURATED_DRAFT_REQUIRES_CLINICIAN_REVIEW,1.0,"Canonical knowledge unit; not a diagnosis, prevalence estimate, or individual risk prediction."
MF-030,Any amount of alcohol makes a man infertile.,MYTH,lifestyle,Evidence does not support an all-or-none claim; amount and individual context matter.,EAU_MALE_INFERTILITY_2026,CURATED_DRAFT_REQUIRES_CLINICIAN_REVIEW,1.0,"Canonical knowledge unit; not a diagnosis, prevalence estimate, or individual risk prediction."
MF-031,Obesity can be associated with poorer male reproductive health.,FACT,lifestyle,Obesity is associated with male infertility and abnormal semen parameters.,WHO_INFERTILITY_2025;EAU_MALE_INFERTILITY_2026,CURATED_DRAFT_REQUIRES_CLINICIAN_REVIEW,1.0,"Canonical knowledge unit; not a diagnosis, prevalence estimate, or individual risk prediction."
MF-032,Losing weight guarantees that fertility will return to normal.,MYTH,lifestyle,Weight loss may improve some reproductive parameters but is not a guaranteed fertility treatment.,EAU_MALE_INFERTILITY_2026,CURATED_DRAFT_REQUIRES_CLINICIAN_REVIEW,1.0,"Canonical knowledge unit; not a diagnosis, prevalence estimate, or individual risk prediction."
MF-033,Regular physical activity can be associated with better semen parameters.,FACT,lifestyle,Guideline evidence supports associations between recreational physical activity and semen parameters.,EAU_MALE_INFERTILITY_2026,CURATED_DRAFT_REQUIRES_CLINICIAN_REVIEW,1.0,"Canonical knowledge unit; not a diagnosis, prevalence estimate, or individual risk prediction."
MF-034,More exercise always means better fertility.,MYTH,lifestyle,"The relationship depends on intensity, health status and context.",EAU_MALE_INFERTILITY_2026,CURATED_DRAFT_REQUIRES_CLINICIAN_REVIEW,1.0,"Canonical knowledge unit; not a diagnosis, prevalence estimate, or individual risk prediction."
MF-035,A single lifestyle factor can explain every case of male infertility.,MYTH,lifestyle,"Male infertility has multiple possible causes including reproductive, hormonal, genetic, medical and environmental factors.",WHO_INFERTILITY_2025;AUA_ASRM_I_2020,CURATED_DRAFT_REQUIRES_CLINICIAN_REVIEW,1.0,"Canonical knowledge unit; not a diagnosis, prevalence estimate, or individual risk prediction."
MF-036,Healthy lifestyle changes can support sexual health and erectile function.,FACT,sexual_health,"Physical activity, weight management and cardiovascular-risk reduction may improve erectile function.",EAU_ED_2026,CURATED_DRAFT_REQUIRES_CLINICIAN_REVIEW,1.0,"Canonical knowledge unit; not a diagnosis, prevalence estimate, or individual risk prediction."
MF-037,Erectile dysfunction is always caused by psychological problems.,MYTH,sexual_health,"ED can have organic, psychogenic or mixed causes.",EAU_ED_2026,CURATED_DRAFT_REQUIRES_CLINICIAN_REVIEW,1.0,"Canonical knowledge unit; not a diagnosis, prevalence estimate, or individual risk prediction."
MF-038,Erectile dysfunction can be associated with cardiovascular and metabolic risk factors.,FACT,sexual_health,"ED is associated with diabetes, hypertension, cardiovascular disease, obesity and metabolic syndrome.",EAU_ED_2026,CURATED_DRAFT_REQUIRES_CLINICIAN_REVIEW,1.0,"Canonical knowledge unit; not a diagnosis, prevalence estimate, or individual risk prediction."
MF-039,Erectile dysfunction automatically means infertility.,MYTH,sexual_health,Erectile function and sperm production are different aspects of reproductive health.,WHO_INFERTILITY_2025;EAU_ED_2026,CURATED_DRAFT_REQUIRES_CLINICIAN_REVIEW,1.0,"Canonical knowledge unit; not a diagnosis, prevalence estimate, or individual risk prediction."
MF-040,Erectile dysfunction automatically means low testosterone.,MYTH,sexual_health,ED has multiple possible causes and is not synonymous with hypogonadism.,EAU_ED_2026;EAU_HYPOGONADISM_2026,CURATED_DRAFT_REQUIRES_CLINICIAN_REVIEW,1.0,"Canonical knowledge unit; not a diagnosis, prevalence estimate, or individual risk prediction."
MF-041,High testicular heat exposure can affect sperm production or semen quality.,CONTEXT_DEPENDENT,environment_heat,"Heat exposure is biologically relevant to spermatogenesis, but magnitude and clinical importance depend on exposure and context.",EAU_MALE_INFERTILITY_2026;HEAT_REVIEW_2007,CURATED_DRAFT_REQUIRES_CLINICIAN_REVIEW,1.0,"Canonical knowledge unit; not a diagnosis, prevalence estimate, or individual risk prediction."
MF-042,One hot bath permanently causes infertility.,MYTH,environment_heat,A single heat exposure should not be described as causing permanent infertility.,HEAT_COHORT_2022;HEAT_REVIEW_2007,CURATED_DRAFT_REQUIRES_CLINICIAN_REVIEW,1.0,"Canonical knowledge unit; not a diagnosis, prevalence estimate, or individual risk prediction."
MF-043,Hot tubs permanently sterilize men.,MYTH,environment_heat,Permanent sterility is an unsupported overstatement; evidence on heat exposure is more nuanced.,HEAT_COHORT_2022,CURATED_DRAFT_REQUIRES_CLINICIAN_REVIEW,1.0,"Canonical knowledge unit; not a diagnosis, prevalence estimate, or individual risk prediction."
MF-044,A laptop on the lap has been proven to cause male infertility.,INSUFFICIENT_EVIDENCE,environment_heat,Human evidence does not establish a clear causal infertility effect from ordinary laptop-on-lap exposure.,HEAT_COHORT_2022,CURATED_DRAFT_REQUIRES_CLINICIAN_REVIEW,1.0,"Canonical knowledge unit; not a diagnosis, prevalence estimate, or individual risk prediction."
MF-045,Tight underwear permanently causes infertility.,MYTH,environment_heat,Findings are mixed and current evidence does not support a claim that underwear alone causes permanent infertility.,UNDERWEAR_REVIEW_2026;HEAT_REVIEW_2007,CURATED_DRAFT_REQUIRES_CLINICIAN_REVIEW,1.0,"Canonical knowledge unit; not a diagnosis, prevalence estimate, or individual risk prediction."
MF-046,Underwear choice may influence scrotal temperature.,FACT,environment_heat,"Physiologic studies indicate tighter garments can be associated with higher scrotal temperature, while clinical relevance is uncertain.",UNDERWEAR_REVIEW_2026,CURATED_DRAFT_REQUIRES_CLINICIAN_REVIEW,1.0,"Canonical knowledge unit; not a diagnosis, prevalence estimate, or individual risk prediction."
MF-047,Any increase in scrotal temperature automatically means infertility.,MYTH,environment_heat,Temperature is one factor in spermatogenesis and does not by itself diagnose infertility.,HEAT_REVIEW_2007;WHO_INFERTILITY_2025,CURATED_DRAFT_REQUIRES_CLINICIAN_REVIEW,1.0,"Canonical knowledge unit; not a diagnosis, prevalence estimate, or individual risk prediction."
MF-048,Fever can temporarily affect semen quality.,CONTEXT_DEPENDENT,environment_heat,"Febrile illness has been associated with temporary semen changes, but effects vary and do not equal permanent infertility.",HEAT_COHORT_2022,CURATED_DRAFT_REQUIRES_CLINICIAN_REVIEW,1.0,"Canonical knowledge unit; not a diagnosis, prevalence estimate, or individual risk prediction."
MF-049,Radiation exposure and ordinary phone use are the same thing.,MYTH,environment_heat,Ionizing radiation and radiofrequency exposure are different exposure categories.,AUA_ASRM_I_2020;EAU_MALE_INFERTILITY_2026,CURATED_DRAFT_REQUIRES_CLINICIAN_REVIEW,1.0,"Canonical knowledge unit; not a diagnosis, prevalence estimate, or individual risk prediction."
MF-050,Environmental pollutants can contribute to reproductive risk.,FACT,environment_heat,Guidelines identify environmental toxins and pollutants as potential reproductive risk factors.,WHO_INFERTILITY_2025;EAU_MALE_INFERTILITY_2026,CURATED_DRAFT_REQUIRES_CLINICIAN_REVIEW,1.0,"Canonical knowledge unit; not a diagnosis, prevalence estimate, or individual risk prediction."
MF-051,One specific food can guarantee higher sperm count.,MYTH,diet_nutrition,No single food is established as a guaranteed fertility treatment.,AUA_ASRM_II_2020;EAU_MALE_INFERTILITY_2026,CURATED_DRAFT_REQUIRES_CLINICIAN_REVIEW,1.0,"Canonical knowledge unit; not a diagnosis, prevalence estimate, or individual risk prediction."
MF-052,Fertility supplements are proven to work for every man.,MYTH,diet_nutrition,Guidelines describe the clinical utility of supplements and antioxidants as uncertain or insufficient for routine treatment.,AUA_ASRM_II_2020;EAU_MALE_INFERTILITY_2026,CURATED_DRAFT_REQUIRES_CLINICIAN_REVIEW,1.0,"Canonical knowledge unit; not a diagnosis, prevalence estimate, or individual risk prediction."
MF-053,Antioxidant supplements have conclusively been shown to improve male fertility outcomes.,MISLEADING,diet_nutrition,Evidence is conflicting and major trials have not established consistent benefit.,AUA_ASRM_II_2020;EAU_MALE_INFERTILITY_2026,CURATED_DRAFT_REQUIRES_CLINICIAN_REVIEW,1.0,"Canonical knowledge unit; not a diagnosis, prevalence estimate, or individual risk prediction."
MF-054,Taking extra vitamins above nutritional need is guaranteed to improve fertility.,MISLEADING,diet_nutrition,"Correcting deficiency may be appropriate, but excess supplementation is not a universal fertility treatment.",AUA_ASRM_II_2020,CURATED_DRAFT_REQUIRES_CLINICIAN_REVIEW,1.0,"Canonical knowledge unit; not a diagnosis, prevalence estimate, or individual risk prediction."
MF-055,Soy foods automatically lower male fertility because of phytoestrogens.,MYTH,diet_nutrition,A blanket claim that ordinary soy intake causes male infertility is not supported by the evidence base used here.,AUA_ASRM_I_2020;EAU_MALE_INFERTILITY_2026,CURATED_DRAFT_REQUIRES_CLINICIAN_REVIEW,1.0,"Canonical knowledge unit; not a diagnosis, prevalence estimate, or individual risk prediction."
MF-056,Drinking more water directly increases sperm count.,INSUFFICIENT_EVIDENCE,diet_nutrition,"Adequate hydration supports general health, but a direct sperm-count increase from simply drinking more water is not established.",WHO_INFERTILITY_2025;AUA_ASRM_II_2020,CURATED_DRAFT_REQUIRES_CLINICIAN_REVIEW,1.0,"Canonical knowledge unit; not a diagnosis, prevalence estimate, or individual risk prediction."
MF-057,Caffeine automatically causes male infertility.,MYTH,diet_nutrition,Moderate caffeine intake is not established as a universal cause of male infertility.,ASRM_NATURAL_FERTILITY_2022,CURATED_DRAFT_REQUIRES_CLINICIAN_REVIEW,1.0,"Canonical knowledge unit; not a diagnosis, prevalence estimate, or individual risk prediction."
MF-058,More protein automatically means better sperm quality.,MYTH,diet_nutrition,High protein intake is not established as a guaranteed sperm-quality intervention.,EAU_MALE_INFERTILITY_2026,CURATED_DRAFT_REQUIRES_CLINICIAN_REVIEW,1.0,"Canonical knowledge unit; not a diagnosis, prevalence estimate, or individual risk prediction."
MF-059,A balanced diet is preferable to relying on a single fertility food or supplement.,FACT,diet_nutrition,Overall health and lifestyle are more appropriate targets than a single guaranteed fertility food.,EAU_MALE_INFERTILITY_2026;AUA_ASRM_II_2020,CURATED_DRAFT_REQUIRES_CLINICIAN_REVIEW,1.0,"Canonical knowledge unit; not a diagnosis, prevalence estimate, or individual risk prediction."
MF-060,Over-the-counter fertility supplements are automatically harmless.,MYTH,diet_nutrition,OTC availability does not establish benefit or universal safety.,AUA_ASRM_II_2020,CURATED_DRAFT_REQUIRES_CLINICIAN_REVIEW,1.0,"Canonical knowledge unit; not a diagnosis, prevalence estimate, or individual risk prediction."
MF-061,Marijuana definitely causes male infertility in every user.,MYTH,substance_use,Evidence on marijuana and male fertility is incomplete and conflicting.,ASRM_TOBACCO_MARIJUANA_2024,CURATED_DRAFT_REQUIRES_CLINICIAN_REVIEW,1.0,"Canonical knowledge unit; not a diagnosis, prevalence estimate, or individual risk prediction."
MF-062,Marijuana has no possible reproductive-health relevance.,MYTH,substance_use,"Evidence is mixed, but reproductive-health guidance supports discussing and reducing potentially harmful exposure when trying to conceive.",ASRM_TOBACCO_MARIJUANA_2024,CURATED_DRAFT_REQUIRES_CLINICIAN_REVIEW,1.0,"Canonical knowledge unit; not a diagnosis, prevalence estimate, or individual risk prediction."
MF-063,Vaping is proven to be completely safe for reproductive health.,MYTH,substance_use,Current evidence does not support treating electronic nicotine delivery systems as proven safe for reproductive health.,ASRM_TOBACCO_MARIJUANA_2024,CURATED_DRAFT_REQUIRES_CLINICIAN_REVIEW,1.0,"Canonical knowledge unit; not a diagnosis, prevalence estimate, or individual risk prediction."
MF-064,Smoking and secondhand tobacco exposure can have reproductive consequences.,FACT,substance_use,Evidence supports reproductive-health risks associated with tobacco use and exposure to tobacco smoke.,ASRM_TOBACCO_MARIJUANA_2024;WHO_TOBACCO_2026,CURATED_DRAFT_REQUIRES_CLINICIAN_REVIEW,1.0,"Canonical knowledge unit; not a diagnosis, prevalence estimate, or individual risk prediction."
MF-065,Anabolic steroid use can negatively affect sperm production.,FACT,substance_use,Anabolic-androgenic steroids can suppress reproductive signaling and impair spermatogenesis.,WHO_INFERTILITY_2025;EAU_MALE_INFERTILITY_2026,CURATED_DRAFT_REQUIRES_CLINICIAN_REVIEW,1.0,"Canonical knowledge unit; not a diagnosis, prevalence estimate, or individual risk prediction."
MF-066,Recreational drug use is irrelevant to male reproductive history.,MYTH,substance_use,Infertility histories commonly consider recreational drugs and potentially gonadotoxic exposures.,EAU_MALE_INFERTILITY_2026,CURATED_DRAFT_REQUIRES_CLINICIAN_REVIEW,1.0,"Canonical knowledge unit; not a diagnosis, prevalence estimate, or individual risk prediction."
MF-067,Alcohol affects every man's fertility in exactly the same way.,MYTH,substance_use,"Effects depend on amount, pattern, health status and individual factors.",EAU_MALE_INFERTILITY_2026,CURATED_DRAFT_REQUIRES_CLINICIAN_REVIEW,1.0,"Canonical knowledge unit; not a diagnosis, prevalence estimate, or individual risk prediction."
MF-068,Heavy chronic alcohol use can reduce testosterone.,FACT,substance_use,Guideline evidence indicates heavy chronic alcohol use can reduce testosterone.,EAU_MALE_INFERTILITY_2026,CURATED_DRAFT_REQUIRES_CLINICIAN_REVIEW,1.0,"Canonical knowledge unit; not a diagnosis, prevalence estimate, or individual risk prediction."
MF-069,You can always tell if someone has an STI by looking at them.,MYTH,sexual_health,"Many STIs can be asymptomatic, so appearance cannot determine infection status.",CDC_STI_PREVENTION_2024,CURATED_DRAFT_REQUIRES_CLINICIAN_REVIEW,1.0,"Canonical knowledge unit; not a diagnosis, prevalence estimate, or individual risk prediction."
MF-070,Most STIs always cause obvious symptoms.,MYTH,sexual_health,Many STIs may have no symptoms.,CDC_STI_PREVENTION_2024,CURATED_DRAFT_REQUIRES_CLINICIAN_REVIEW,1.0,"Canonical knowledge unit; not a diagnosis, prevalence estimate, or individual risk prediction."
MF-071,Using condoms correctly reduces STI risk.,FACT,sexual_health,Correct and consistent condom use reduces the risk of many STIs.,CDC_CONDOM_2024;CDC_STI_PREVENTION_2024,CURATED_DRAFT_REQUIRES_CLINICIAN_REVIEW,1.0,"Canonical knowledge unit; not a diagnosis, prevalence estimate, or individual risk prediction."
MF-072,Condoms eliminate all STI risk.,MYTH,sexual_health,Condoms reduce risk but do not eliminate infections spread by uncovered skin contact.,CDC_CONDOM_2024,CURATED_DRAFT_REQUIRES_CLINICIAN_REVIEW,1.0,"Canonical knowledge unit; not a diagnosis, prevalence estimate, or individual risk prediction."
MF-073,Condoms cause infertility.,MYTH,sexual_health,Condoms are barrier methods for STI and pregnancy prevention and are not established causes of infertility.,CDC_CONDOM_2024,CURATED_DRAFT_REQUIRES_CLINICIAN_REVIEW,1.0,"Canonical knowledge unit; not a diagnosis, prevalence estimate, or individual risk prediction."
MF-074,Having no STI symptoms proves that you are STI-free.,MYTH,sexual_health,Many STIs are asymptomatic; testing is needed to determine status.,CDC_STI_PREVENTION_2024,CURATED_DRAFT_REQUIRES_CLINICIAN_REVIEW,1.0,"Canonical knowledge unit; not a diagnosis, prevalence estimate, or individual risk prediction."
MF-075,Some untreated genital infections can contribute to reproductive problems.,FACT,sexual_health,Genitourinary infections can contribute to reproductive-tract problems and infertility in some circumstances.,WHO_INFERTILITY_2025;EAU_MALE_INFERTILITY_2026,CURATED_DRAFT_REQUIRES_CLINICIAN_REVIEW,1.0,"Canonical knowledge unit; not a diagnosis, prevalence estimate, or individual risk prediction."
MF-076,Every STI causes infertility.,MYTH,sexual_health,Different infections have different complications; an STI diagnosis does not automatically mean infertility.,WHO_INFERTILITY_2025;CDC_STI_PREVENTION_2024,CURATED_DRAFT_REQUIRES_CLINICIAN_REVIEW,1.0,"Canonical knowledge unit; not a diagnosis, prevalence estimate, or individual risk prediction."
MF-077,Oral sex can transmit some STIs.,FACT,sexual_health,STIs can be transmitted through oral sexual contact.,CDC_STI_ORAL_SEX_2024,CURATED_DRAFT_REQUIRES_CLINICIAN_REVIEW,1.0,"Canonical knowledge unit; not a diagnosis, prevalence estimate, or individual risk prediction."
MF-078,Only people with many sexual partners can get an STI.,MYTH,sexual_health,Any sexually active person can acquire an STI depending on exposure and partner infection status.,CDC_STI_PREVENTION_2024,CURATED_DRAFT_REQUIRES_CLINICIAN_REVIEW,1.0,"Canonical knowledge unit; not a diagnosis, prevalence estimate, or individual risk prediction."
MF-079,HPV vaccination has relevance for males as well as females.,FACT,sexual_health,CDC prevention guidance includes HPV vaccination as an STI prevention strategy for eligible people.,CDC_STI_PREVENTION_2024,CURATED_DRAFT_REQUIRES_CLINICIAN_REVIEW,1.0,"Canonical knowledge unit; not a diagnosis, prevalence estimate, or individual risk prediction."
MF-080,Alcohol or drugs can increase sexual-risk behavior by lowering inhibitions.,FACT,sexual_health,CDC notes that alcohol or drug use can lower inhibitions and contribute to higher-risk sexual behavior.,CDC_STI_PREVENTION_2024,CURATED_DRAFT_REQUIRES_CLINICIAN_REVIEW,1.0,"Canonical knowledge unit; not a diagnosis, prevalence estimate, or individual risk prediction."
MF-081,A semen analysis is one of the key tests used when evaluating male fertility.,FACT,reproductive_health,Semen analysis is a central laboratory assessment in male fertility evaluation.,WHO_SEMEN_2021;WHO_INFERTILITY_2025,CURATED_DRAFT_REQUIRES_CLINICIAN_REVIEW,1.0,"Canonical knowledge unit; not a diagnosis, prevalence estimate, or individual risk prediction."
MF-082,One semen sample always gives the complete picture of male fertility.,MYTH,reproductive_health,Semen parameters can vary and fertility evaluation is broader than one laboratory result.,WHO_SEMEN_2021;AUA_ASRM_I_2020,CURATED_DRAFT_REQUIRES_CLINICIAN_REVIEW,1.0,"Canonical knowledge unit; not a diagnosis, prevalence estimate, or individual risk prediction."
MF-083,Semen analysis results should be interpreted in clinical context.,FACT,reproductive_health,"Laboratory findings are interpreted alongside history, examination and other relevant factors.",WHO_SEMEN_2021;AUA_ASRM_I_2020,CURATED_DRAFT_REQUIRES_CLINICIAN_REVIEW,1.0,"Canonical knowledge unit; not a diagnosis, prevalence estimate, or individual risk prediction."
MF-084,Sperm morphology alone determines whether a man can father a child.,MYTH,reproductive_health,Morphology is one parameter and does not independently determine fertility.,WHO_SEMEN_2021,CURATED_DRAFT_REQUIRES_CLINICIAN_REVIEW,1.0,"Canonical knowledge unit; not a diagnosis, prevalence estimate, or individual risk prediction."
MF-085,Sperm motility is relevant to semen assessment.,FACT,reproductive_health,Motility is a standard semen characteristic assessed in laboratory evaluation.,WHO_SEMEN_2021,CURATED_DRAFT_REQUIRES_CLINICIAN_REVIEW,1.0,"Canonical knowledge unit; not a diagnosis, prevalence estimate, or individual risk prediction."
MF-086,A home visual semen check can replace laboratory semen analysis.,MYTH,reproductive_health,Visual inspection cannot replace standardized laboratory assessment.,WHO_SEMEN_2021,CURATED_DRAFT_REQUIRES_CLINICIAN_REVIEW,1.0,"Canonical knowledge unit; not a diagnosis, prevalence estimate, or individual risk prediction."
MF-087,Infertility can be unexplained even after evaluation.,FACT,reproductive_health,WHO notes that infertility can remain unexplained in some couples.,WHO_INFERTILITY_2025,CURATED_DRAFT_REQUIRES_CLINICIAN_REVIEW,1.0,"Canonical knowledge unit; not a diagnosis, prevalence estimate, or individual risk prediction."
MF-088,Male infertility is always permanent.,MYTH,reproductive_health,"Causes vary; some are treatable, modifiable or reversible.",WHO_INFERTILITY_2025;AUA_ASRM_I_2020,CURATED_DRAFT_REQUIRES_CLINICIAN_REVIEW,1.0,"Canonical knowledge unit; not a diagnosis, prevalence estimate, or individual risk prediction."
MF-089,Performance anxiety can never affect sexual function.,MYTH,mental_behavioral,Psychological factors can contribute to sexual dysfunction.,EAU_ED_2026;EAU_EJACULATION_2022,CURATED_DRAFT_REQUIRES_CLINICIAN_REVIEW,1.0,"Canonical knowledge unit; not a diagnosis, prevalence estimate, or individual risk prediction."
MF-090,Sexual performance concerns are always evidence of a physical disease.,MYTH,mental_behavioral,"Sexual dysfunction can have psychological, organic or mixed contributors.",EAU_ED_2026,CURATED_DRAFT_REQUIRES_CLINICIAN_REVIEW,1.0,"Canonical knowledge unit; not a diagnosis, prevalence estimate, or individual risk prediction."
MF-091,Stress automatically causes infertility.,MYTH,mental_behavioral,"Stress may interact with health and behavior, but stress alone should not be treated as proof of infertility.",AUA_ASRM_I_2020;EAU_MALE_INFERTILITY_2026,CURATED_DRAFT_REQUIRES_CLINICIAN_REVIEW,1.0,"Canonical knowledge unit; not a diagnosis, prevalence estimate, or individual risk prediction."
MF-092,Mental health and sexual health can interact.,FACT,mental_behavioral,Psychological health and sexual function can influence one another.,EAU_ED_2026;EAU_EJACULATION_2022,CURATED_DRAFT_REQUIRES_CLINICIAN_REVIEW,1.0,"Canonical knowledge unit; not a diagnosis, prevalence estimate, or individual risk prediction."
MF-093,Pornography frequency alone is enough to diagnose problematic pornography use.,MYTH,mental_behavioral,"Frequency alone does not establish a disorder; distress, loss of control and impairment require consideration.",EAU_EJACULATION_2022,CURATED_DRAFT_REQUIRES_CLINICIAN_REVIEW,1.0,"Canonical knowledge unit; not a diagnosis, prevalence estimate, or individual risk prediction."
MF-094,Sexual confidence can be affected by anxiety even without a proven physical disorder.,FACT,mental_behavioral,"Psychological and sexual-function factors can interact, including anxiety-related sexual difficulties.",EAU_ED_2026;EAU_EJACULATION_2022,CURATED_DRAFT_REQUIRES_CLINICIAN_REVIEW,1.0,"Canonical knowledge unit; not a diagnosis, prevalence estimate, or individual risk prediction."
MF-095,Sexual dysfunction should always be treated as purely psychological.,MYTH,mental_behavioral,"Organic, psychological and mixed causes are all possible.",EAU_ED_2026,CURATED_DRAFT_REQUIRES_CLINICIAN_REVIEW,1.0,"Canonical knowledge unit; not a diagnosis, prevalence estimate, or individual risk prediction."
MF-096,A single symptom can prove infertility.,MYTH,reproductive_health,Infertility requires appropriate clinical evaluation; isolated symptoms do not prove it.,WHO_INFERTILITY_2025;AUA_ASRM_I_2020,CURATED_DRAFT_REQUIRES_CLINICIAN_REVIEW,1.0,"Canonical knowledge unit; not a diagnosis, prevalence estimate, or individual risk prediction."
MF-097,A chatbot can diagnose infertility from a questionnaire alone.,MYTH,general_health,Self-reported information can support education and triage but does not replace clinical evaluation and testing.,WHO_INFERTILITY_2025;AUA_ASRM_I_2020,CURATED_DRAFT_REQUIRES_CLINICIAN_REVIEW,1.0,"Canonical knowledge unit; not a diagnosis, prevalence estimate, or individual risk prediction."
MF-098,A health app should give a precise percentage probability of fertility from lifestyle questions alone.,MYTH,general_health,A precise individual fertility probability requires validated predictive evidence and should not be invented from questionnaire data.,WHO_INFERTILITY_2025;WHO_SEMEN_2021,CURATED_DRAFT_REQUIRES_CLINICIAN_REVIEW,1.0,"Canonical knowledge unit; not a diagnosis, prevalence estimate, or individual risk prediction."
MF-099,Evidence can be insufficient even when a health claim is popular online.,FACT,general_health,A safe evidence system should be able to return an insufficient-evidence state instead of forcing a binary answer.,WHO_INFERTILITY_2025;AUA_ASRM_I_2020,CURATED_DRAFT_REQUIRES_CLINICIAN_REVIEW,1.0,"Canonical knowledge unit; not a diagnosis, prevalence estimate, or individual risk prediction."
MF-100,Medical claims should be updated when high-quality evidence or guidelines change.,FACT,general_health,"A medical knowledge base needs provenance, versioning and periodic review as evidence evolves.",WHO_INFERTILITY_2025;EAU_2026,CURATED_DRAFT_REQUIRES_CLINICIAN_REVIEW,1.0,"Canonical knowledge unit; not a diagnosis, prevalence estimate, or individual risk prediction."
