claim_id,alias
MF-001,Is infertility only a woman’s problem?
MF-001,Can men be infertile?
MF-003,Does a normal semen test prove fertility?
MF-003,Can semen analysis tell if I am fertile?
MF-011,Does masturbation cause infertility?
MF-011,Can masturbation make me infertile?
MF-011,Does masturbating reduce fertility?
MF-019,Does testosterone improve fertility?
MF-019,Can testosterone injections increase sperm?
MF-027,Does smoking affect sperm?
MF-027,Can smoking reduce male fertility?
MF-031,Does obesity affect male fertility?
MF-031,Can being overweight affect sperm?
MF-042,Can one hot bath make me infertile?
MF-042,Does a hot bath permanently damage sperm?
MF-045,Do tight underwear cause infertility?
MF-045,Are boxers better for fertility?
MF-052,Do fertility supplements actually work?
MF-052,Are sperm supplements proven?
MF-061,Does marijuana cause male infertility?
MF-061,Does weed reduce sperm?
MF-069,Can you tell if someone has an STI by looking?
MF-069,Do STIs always show symptoms?
MF-071,Do condoms prevent STIs?
MF-071,How much do condoms reduce STI risk?
MF-074,Can I have an STI without symptoms?
MF-074,If I have no symptoms am I STI-free?
MF-081,Is semen analysis the main male fertility test?
MF-081,How is male fertility tested?
MF-089,Can anxiety affect sexual performance?
MF-089,Can performance anxiety cause erection problems?
MF-097,Can an AI diagnose infertility from my answers?
MF-097,Can a chatbot tell if I am infertile?
