source_id,source_title,source_url
WHO_INFERTILITY_2025,"WHO Guideline for the prevention, diagnosis and treatment of infertility (2025)",https://www.who.int/publications/i/item/9789240115774
WHO_SEMEN_2021,"WHO laboratory manual for the examination and processing of human semen, 6th ed.",https://www.who.int/publications/i/item/9789240030787
WHO_TOBACCO_2026,WHO Tobacco and infertility knowledge summary (2026),https://www.who.int/publications/i/item/B09819
AUA_ASRM_I_2020,AUA/ASRM Diagnosis and treatment of infertility in men: Guideline Part I,https://integration.asrm.org/practice-guidance/practice-committee-documents/diagnosis-and-treatment-of-infertility-in-men-auaasrm-guideline-part-i-2020/
AUA_ASRM_II_2020,AUA/ASRM Diagnosis and treatment of infertility in men: Guideline Part II,https://www.asrm.org/practice-guidance/practice-committee-documents/diagnosis-and-treatment-of-infertility-in-men-aua-asrm-guideline-part2/
EAU_MALE_INFERTILITY_2026,EAU Sexual and Reproductive Health Guidelines — Male Infertility,https://uroweb.org/guidelines/sexual-and-reproductive-health/chapter/male-infertility
EAU_ED_2026,EAU Sexual and Reproductive Health Guidelines — Erectile Dysfunction,https://uroweb.org/guidelines/sexual-and-reproductive-health/chapter/management-of-erectile-dysfunction
EAU_HYPOGONADISM_2026,EAU Sexual and Reproductive Health Guidelines — Male Hypogonadism,https://uroweb.org/guidelines/sexual-and-reproductive-health/chapter/male-hypogonadism
EAU_EJACULATION_2022,EAU Guidelines — Disorders of Ejaculation,https://uroweb.org/guidelines/sexual-and-reproductive-health-2022/chapter/disorders-of-ejaculation
EAU_2026,EAU Sexual and Reproductive Health Guidelines — 2026,https://uroweb.org/guidelines/sexual-and-reproductive-health
ASRM_TOBACCO_MARIJUANA_2024,ASRM Committee Opinion — Tobacco or marijuana use and infertility,https://www.asrm.org/practice-guidance/practice-committee-documents/tobacco-or-marijuana-use/
ASRM_NATURAL_FERTILITY_2022,ASRM Committee Opinion — Optimizing natural fertility,https://www.asrm.org/practice-guidance/practice-committee-documents/optimizing-natural-fertility-a-committee-opinion-2021/
CDC_STI_PREVENTION_2024,CDC — How to Prevent STIs,https://www.cdc.gov/sti/prevention/index.html
CDC_CONDOM_2024,CDC — Condom Use: An Overview,https://www.cdc.gov/condom-use/
CDC_STI_ORAL_SEX_2024,CDC — About STI Risk and Oral Sex,https://www.cdc.gov/sti/about/about-sti-risk-and-oral-sex.html
HEAT_COHORT_2022,Male personal heat exposures and fecundability: a preconception cohort study,https://pubmed.ncbi.nlm.nih.gov/35924639/
HEAT_REVIEW_2007,Influence of genital heat stress on semen quality in humans,https://pubmed.ncbi.nlm.nih.gov/18076419/
UNDERWEAR_REVIEW_2026,"Garment fit, scrotal thermoregulation, and male fertility outcomes: narrative review",https://pubmed.ncbi.nlm.nih.gov/42293842/
ABSTINENCE_REVIEW_2018,The impact of ejaculatory abstinence on semen analysis parameters: systematic review,https://pubmed.ncbi.nlm.nih.gov/29143943/
EJACULATION_REVIEW_2026,Ejaculatory frequency and male fertility: literature review,https://pubmed.ncbi.nlm.nih.gov/41809803/
